Vendor,Vendor rating,Type,Compound,Dose,Unit,Format,Quantity,Price,Ships from Country,Shipping $,MOQ,Analysis,Purity guarantee,Mass guarantee,Re-ship guarantee,Start,Close,PepChat Link,Discord Link,Telegram Link,Notes
SRY,A,promo,Tirzepatide,15,mg,3mL vial,10, $ 125 ,China,included,2,2nd party,>99%,overfill,yes,2024-09-14,While stocks last,https://peptide.chat/invite/srylab,https://discord.gg/yafWDPuC,,
QSC,AA,promo,Retatrutide,10,mg,3mL vial,10, $ 180 ,USA,included,1,2nd party,>99%,overfill,yes,2024-09-14,2024-09-15,https://peptide.chat/invite/qsc,,,
QSC,AA,promo,Retatrutide,15,mg,3mL vial,10, $ 270 ,USA,included,1,2nd party,>99%,overfill,yes,2024-09-14,2024-09-15,https://peptide.chat/invite/qsc,,,
QSC,AA,promo,Retatrutide,20,mg,3mL vial,10, $ 360 ,USA,included,1,2nd party,>99%,overfill,yes,2024-09-14,2024-09-15,https://peptide.chat/invite/qsc,,,
QSC,AA,promo,Retatrutide,10,mg,3mL vial,10, $ 180 ,China,excluded,1,2nd party,>99%,overfill,yes,2024-09-14,2024-09-15,https://peptide.chat/invite/qsc,,,
QSC,AA,promo,Retatrutide,15,mg,3mL vial,10, $ 270 ,China,excluded,1,2nd party,>99%,overfill,yes,2024-09-14,2024-09-15,https://peptide.chat/invite/qsc,,,
QSC,AA,promo,Retatrutide,20,mg,3mL vial,10, $ 360 ,China,excluded,1,2nd party,>99%,overfill,yes,2024-09-14,2024-09-15,https://peptide.chat/invite/qsc,,,
ASC,A,promo,Tirzepatide,60,mg,3mL vial,10, $ 470 ,China, $ 40 ,1,2nd party,>99%,overfill,yes,2024-09-14,2024-09-21,https://peptide.chat/invite/ARMm07FG,https://discord.gg/Yzaw4yju,https://t.me/peptidechina,
ASC,A,promo,Retatrutide,12,mg,3mL vial,10, $ 240 ,China, $ 40 ,1,2nd party,>99%,overfill,yes,2024-09-14,2024-09-21,https://peptide.chat/invite/ARMm07FG,https://discord.gg/Yzaw4yju,https://t.me/peptidechina,
ASC,A,promo,GHK-Cu,50,mg,3mL vial,10, $ 45 ,China, $ 40 ,1,2nd party,>99%,overfill,yes,2024-09-14,2024-09-21,https://peptide.chat/invite/ARMm07FG,https://discord.gg/Yzaw4yju,https://t.me/peptidechina,
JL,AAA,GB,Melanotan 1,10,mg,3mL vial,10, $ 75 ,China,included,1,3rd party,>99%,overfill,yes,2024-09-14,2024-09-20,invite only,invite only,,
JL,AAA,GB,Melanotan 2,10,mg,3mL vial,10, $ 75 ,China,included,1,3rd party,>99%,overfill,yes,2024-09-14,2024-09-20,invite only,invite only,,
JL,AAA,GB,Thymulin,10,mg,3mL vial,10, $ 75 ,China,included,1,3rd party,>99%,overfill,yes,2024-09-14,2024-09-20,invite only,invite only,,
JL,AAA,GB,PT-141,10,mg,3mL vial,10, $ 75 ,China,included,1,3rd party,>99%,overfill,yes,2024-09-14,2024-09-20,invite only,invite only,,
JL,AAA,GB,Sermorelin,10,mg,3mL vial,10, $ 120 ,China,included,1,3rd party,>99%,overfill,yes,2024-09-14,2024-09-20,invite only,invite only,,
JL,AAA,GB,Survodutide,10,mg,3mL vial,10, $ 190 ,China,included,1,3rd party,>99%,overfill,yes,2024-09-14,2024-09-20,invite only,invite only,,